{"stats":{"minecraft:crafted":{"regions_unexplored:mauve_planks":24},"minecraft:used":{"minecraft:dirt":8},"minecraft:picked_up":{"regions_unexplored:hyssop":1,"minecraft:arrow":1,"regions_unexplored:mauve_sapling":2,"regions_unexplored:mauve_log":6,"minecraft:dirt":21},"minecraft:mined":{"minecraft:grass_block":4,"regions_unexplored:hyssop":1,"minecraft:dirt":15,"regions_unexplored:mauve_log":7,"regions_unexplored:mauve_leaves":12},"minecraft:custom":{"minecraft:time_since_rest":18322,"minecraft:damage_taken":30,"minecraft:play_time":18322,"minecraft:sprint_one_cm":13477,"minecraft:walk_one_cm":10070,"minecraft:drop":2,"minecraft:jump":67,"minecraft:leave_game":2,"minecraft:time_since_death":18322,"minecraft:total_world_time":18322,"minecraft:fall_one_cm":2889,"minecraft:fly_one_cm":10808},"minecraft:dropped":{"minecraft:dirt":2}},"DataVersion":3465}