{"stats":{"minecraft:crafted":{"regions_unexplored:mauve_planks":24,"minecraft:magenta_dye":1},"minecraft:killed":{"minecraft:pig":2},"minecraft:picked_up":{"regions_unexplored:hyssop":2,"regions_unexplored:fireweed":1,"regions_unexplored:mauve_log":6,"minecraft:porkchop":1},"minecraft:mined":{"minecraft:grass":3,"regions_unexplored:hyssop":2,"regions_unexplored:medium_grass":1,"regions_unexplored:mauve_log":6,"regions_unexplored:mauve_leaves":1,"regions_unexplored:fireweed":1},"minecraft:custom":{"minecraft:time_since_rest":4800,"minecraft:crouch_one_cm":98,"minecraft:damage_taken":10,"minecraft:play_time":4800,"minecraft:sprint_one_cm":16651,"minecraft:walk_one_cm":8365,"minecraft:sneak_time":55,"minecraft:mob_kills":1,"minecraft:jump":90,"minecraft:damage_dealt":100,"minecraft:time_since_death":4800,"minecraft:total_world_time":4800,"minecraft:fall_one_cm":2806,"minecraft:fly_one_cm":12925}},"DataVersion":3465}