{"stats":{"minecraft:crafted":{"minecraft:wooden_sword":1,"regions_unexplored:mauve_planks":32,"minecraft:crafting_table":1,"minecraft:stick":16,"minecraft:wooden_pickaxe":1},"minecraft:used":{"minecraft:crafting_table":1},"minecraft:picked_up":{"regions_unexplored:hyssop":1,"regions_unexplored:fireweed":1,"minecraft:wheat_seeds":1,"regions_unexplored:mauve_log":8,"regions_unexplored:meadow_sage":1,"regions_unexplored:daisy":1},"minecraft:mined":{"minecraft:grass":2,"regions_unexplored:hyssop":1,"regions_unexplored:medium_grass":1,"regions_unexplored:mauve_log":7,"regions_unexplored:meadow_sage":1,"regions_unexplored:daisy":1,"regions_unexplored:fireweed":1},"minecraft:custom":{"minecraft:time_since_rest":4280,"minecraft:crouch_one_cm":95,"minecraft:play_time":4280,"minecraft:sprint_one_cm":4029,"minecraft:walk_one_cm":12618,"minecraft:sneak_time":31,"minecraft:jump":40,"minecraft:damage_dealt":10,"minecraft:time_since_death":4280,"minecraft:total_world_time":4280,"minecraft:interact_with_crafting_table":1,"minecraft:fly_one_cm":1562,"minecraft:fall_one_cm":2239}},"DataVersion":3465}